ID,Title,Acceptance,Difficulty,Frequency,Leetcode Question Link
238,Product of Array Except Self,60.1%,Medium,0.14079121889577595, https://leetcode.com/problems/product-of-array-except-self
146,LRU Cache,33.2%,Medium,0.09466027715846642, https://leetcode.com/problems/lru-cache
98,Validate Binary Search Tree,27.8%,Medium,0.08515143211698117, https://leetcode.com/problems/validate-binary-search-tree
973,K Closest Points to Origin,63.8%,Medium,0.05474633722814542, https://leetcode.com/problems/k-closest-points-to-origin
50,Pow(x;n),30.3%,Medium,0.008615395490835889, https://leetcode.com/problems/powx-n
53,Maximum Subarray,46.5%,Easy,0.008272628741228982, https://leetcode.com/problems/maximum-subarray
