ID,Title,Acceptance,Difficulty,Frequency,Leetcode Question Link
545,Boundary of Binary Tree,38.9%,Medium,0.03736177747025919, https://leetcode.com/problems/boundary-of-binary-tree
472,Concatenated Words,43.7%,Hard,0.024011429628186427, https://leetcode.com/problems/concatenated-words
140,Word Break II,32.6%,Hard,0.010661081786113668, https://leetcode.com/problems/word-break-ii
937,Reorder Data in Log Files,54.3%,Easy,0.00802733590076424, https://leetcode.com/problems/reorder-data-in-log-files
73,Set Matrix Zeroes,43.1%,Medium,0.006699070439072842, https://leetcode.com/problems/set-matrix-zeroes
200,Number of Islands,46.8%,Medium,0.002765297303115152, https://leetcode.com/problems/number-of-islands
