ID,Title,Acceptance,Difficulty,Frequency,Leetcode Question Link
322,Coin Change,35.5%,Medium,0.04715183980861924, https://leetcode.com/problems/coin-change
1,Two Sum,45.6%,Easy,0.03267443218434049, https://leetcode.com/problems/two-sum
121,Best Time to Buy and Sell Stock,50.5%,Easy,0.018197024560061743, https://leetcode.com/problems/best-time-to-buy-and-sell-stock
12,Integer to Roman,55.1%,Medium,0.018163970627671163, https://leetcode.com/problems/integer-to-roman
238,Product of Array Except Self,60.1%,Medium,0.014945168886283782, https://leetcode.com/problems/product-of-array-except-self
200,Number of Islands,46.8%,Medium,0.006211200092640676, https://leetcode.com/problems/number-of-islands
