ID,Title,Acceptance,Difficulty,Frequency,Leetcode Question Link
76,Minimum Window Substring,34.6%,Hard,0.03691000072068462, https://leetcode.com/problems/minimum-window-substring
845,Longest Mountain in Array,37.2%,Medium,0.029335507073925533, https://leetcode.com/problems/longest-mountain-in-array
25,Reverse Nodes in k-Group,42.1%,Hard,0.021761013427166447, https://leetcode.com/problems/reverse-nodes-in-k-group
166,Fraction to Recurring Decimal,21.6%,Medium,0.019305618894153366, https://leetcode.com/problems/fraction-to-recurring-decimal
269,Alien Dictionary,33.3%,Hard,0.01213975455061059, https://leetcode.com/problems/alien-dictionary
207,Course Schedule,43.1%,Medium,0.010625837876226181, https://leetcode.com/problems/course-schedule
127,Word Ladder,29.6%,Medium,0.005731495844689608, https://leetcode.com/problems/word-ladder
23,Merge k Sorted Lists,40.2%,Hard,0.0038759738446929853, https://leetcode.com/problems/merge-k-sorted-lists
56,Merge Intervals,39.3%,Medium,0.0033129067901687907, https://leetcode.com/problems/merge-intervals
200,Number of Islands,46.8%,Medium,0.002765297303115152, https://leetcode.com/problems/number-of-islands
283,Move Zeroes,57.8%,Easy,0.002758622439079723, https://leetcode.com/problems/move-zeroes
26,Remove Duplicates from Sorted Array,45.1%,Easy,0.0018681118827202508, https://leetcode.com/problems/remove-duplicates-from-sorted-array
