ID,Title,Acceptance,Difficulty,Frequency,Leetcode Question Link
1296,Divide Array in Sets of K Consecutive Numbers,53.8%,Medium,0.06650266441668072, https://leetcode.com/problems/divide-array-in-sets-of-k-consecutive-numbers
759,Employee Free Time,66.3%,Hard,0.046358242602104555, https://leetcode.com/problems/employee-free-time
114,Flatten Binary Tree to Linked List,49.3%,Medium,0.026213820787528385, https://leetcode.com/problems/flatten-binary-tree-to-linked-list
394,Decode String,50.0%,Medium,0.0077851697215559675, https://leetcode.com/problems/decode-string
56,Merge Intervals,39.3%,Medium,0.0074386655924217485, https://leetcode.com/problems/merge-intervals
79,Word Search,35.6%,Medium,0.006548007844690591, https://leetcode.com/problems/word-search
3,Longest Substring Without Repeating Characters,30.4%,Medium,0.0014852223137141987, https://leetcode.com/problems/longest-substring-without-repeating-characters
78,Subsets,62.0%,Medium,0, https://leetcode.com/problems/subsets
139,Word Break,40.1%,Medium,0, https://leetcode.com/problems/word-break
340,Longest Substring with At Most K Distinct Characters,44.1%,Hard,0, https://leetcode.com/problems/longest-substring-with-at-most-k-distinct-characters
715,Range Module,38.5%,Hard,0, https://leetcode.com/problems/range-module
724,Find Pivot Index,44.0%,Easy,0, https://leetcode.com/problems/find-pivot-index
776,Split BST,55.8%,Medium,0, https://leetcode.com/problems/split-bst
