ID,Title,Acceptance,Difficulty,Frequency,Leetcode Question Link
742,Closest Leaf in a Binary Tree,43.6%,Medium,0.8883303521322305, https://leetcode.com/problems/closest-leaf-in-a-binary-tree
314,Binary Tree Vertical Order Traversal,45.3%,Medium,0.7042169874893927, https://leetcode.com/problems/binary-tree-vertical-order-traversal
41,First Missing Positive,32.0%,Hard,0.6555459946274417, https://leetcode.com/problems/first-missing-positive
380,Insert Delete GetRandom O(1),47.5%,Medium,0.6369462043420958, https://leetcode.com/problems/insert-delete-getrandom-o1
1242,Web Crawler Multithreaded,45.9%,Medium,0.4978384282391795, https://leetcode.com/problems/web-crawler-multithreaded
722,Remove Comments,34.6%,Medium,0.40958882529202645, https://leetcode.com/problems/remove-comments
91,Decode Ways,24.7%,Medium,0.2254754606491885, https://leetcode.com/problems/decode-ways
218,The Skyline Problem,34.6%,Hard,0.14953173397096375, https://leetcode.com/problems/the-skyline-problem
426,Convert Binary Search Tree to Sorted Doubly Linked List,59.1%,Medium,0.09352605801082346, https://leetcode.com/problems/convert-binary-search-tree-to-sorted-doubly-linked-list
239,Sliding Window Maximum,43.0%,Hard,0.09271146326206103, https://leetcode.com/problems/sliding-window-maximum
381,Insert Delete GetRandom O(1) - Duplicates allowed,34.1%,Hard,0.09106388892287375, https://leetcode.com/problems/insert-delete-getrandom-o1-duplicates-allowed
614,Second Degree Follower,30.3%,Medium,0.08479653666007693, https://leetcode.com/problems/second-degree-follower
987,Vertical Order Traversal of a Binary Tree,36.6%,Medium,0.04561794346101633, https://leetcode.com/problems/vertical-order-traversal-of-a-binary-tree
42,Trapping Rain Water,48.9%,Hard,0.02688623073425064, https://leetcode.com/problems/trapping-rain-water
10,Regular Expression Matching,26.8%,Hard,0.0071865203293987245, https://leetcode.com/problems/regular-expression-matching
114,Flatten Binary Tree to Linked List,49.3%,Medium,0.006896579059060353, https://leetcode.com/problems/flatten-binary-tree-to-linked-list
350,Intersection of Two Arrays II,51.4%,Easy,0.005210380421193978, https://leetcode.com/problems/intersection-of-two-arrays-ii
