ID,Title,Acceptance,Difficulty,Frequency,Leetcode Question Link
529,Minesweeper,59.1%,Medium,0.09420878206672367, https://leetcode.com/problems/minesweeper
575,Distribute Candies,61.4%,Easy,0.08329002108922262, https://leetcode.com/problems/distribute-candies
581,Shortest Unsorted Continuous Subarray,31.1%,Easy,0.05007303798232116, https://leetcode.com/problems/shortest-unsorted-continuous-subarray
785,Is Graph Bipartite?,47.5%,Medium,0.041978881338661234, https://leetcode.com/problems/is-graph-bipartite
20,Valid Parentheses,39.0%,Easy,0.008761898231759775, https://leetcode.com/problems/valid-parentheses
200,Number of Islands,46.8%,Medium,0.002765297303115152, https://leetcode.com/problems/number-of-islands
594,Longest Harmonious Subsequence,46.6%,Easy,0, https://leetcode.com/problems/longest-harmonious-subsequence
949,Largest Time for Given Digits,35.8%,Easy,0, https://leetcode.com/problems/largest-time-for-given-digits
