ID,Title,Acceptance,Difficulty,Frequency,Leetcode Question Link
121,Best Time to Buy and Sell Stock,50.5%,Easy,0.007502371594599209, https://leetcode.com/problems/best-time-to-buy-and-sell-stock
41,First Missing Positive,32.0%,Hard,0.005444881762408285, https://leetcode.com/problems/first-missing-positive
160,Intersection of Two Linked Lists,40.6%,Easy,0.003934945881316586, https://leetcode.com/problems/intersection-of-two-linked-lists
53,Maximum Subarray,46.5%,Easy,0.003902924955778234, https://leetcode.com/problems/maximum-subarray
1,Two Sum,45.6%,Easy,0.00184543512358731, https://leetcode.com/problems/two-sum
