ID,Title,Acceptance,Difficulty,Frequency,Leetcode Question Link
708,Insert into a Sorted Circular Linked List,31.6%,Medium,0.49171585790488404, https://leetcode.com/problems/insert-into-a-sorted-circular-linked-list
855,Exam Room,43.1%,Medium,0.34442921752179523, https://leetcode.com/problems/exam-room
510,Inorder Successor in BST II,58.0%,Medium,0.19714257713870645, https://leetcode.com/problems/inorder-successor-in-bst-ii
362,Design Hit Counter,63.7%,Medium,0.09787757530957068, https://leetcode.com/problems/design-hit-counter
285,Inorder Successor in BST,40.4%,Medium,0.02233482010057984, https://leetcode.com/problems/inorder-successor-in-bst
17,Letter Combinations of a Phone Number,46.8%,Medium,0.0044018999217624675, https://leetcode.com/problems/letter-combinations-of-a-phone-number
34,Find First and Last Position of Element in Sorted Array,36.2%,Medium,0.004247643638268045, https://leetcode.com/problems/find-first-and-last-position-of-element-in-sorted-array
