ID,Title,Acceptance,Difficulty,Frequency,Leetcode Question Link
653,Two Sum IV - Input is a BST,55.5%,Easy,0.016880386863023497, https://leetcode.com/problems/two-sum-iv-input-is-a-bst
1,Two Sum,45.6%,Easy,0.013049691753224608, https://leetcode.com/problems/two-sum
1290,Convert Binary Number in a Linked List to Integer,80.4%,Easy,0.010568130061792257, https://leetcode.com/problems/convert-binary-number-in-a-linked-list-to-integer
2,Add Two Numbers,33.9%,Medium,0.006737434951993369, https://leetcode.com/problems/add-two-numbers
127,Word Ladder,29.6%,Medium,0.005979091056058075, https://leetcode.com/problems/word-ladder
20,Valid Parentheses,39.0%,Easy,0.005168860577665306, https://leetcode.com/problems/valid-parentheses
17,Letter Combinations of a Phone Number,46.8%,Medium,0.0044018999217624675, https://leetcode.com/problems/letter-combinations-of-a-phone-number
42,Trapping Rain Water,48.9%,Hard,0.004350670338744988, https://leetcode.com/problems/trapping-rain-water
387,First Unique Character in a String,53.4%,Easy,0.00418541994270691, https://leetcode.com/problems/first-unique-character-in-a-string
238,Product of Array Except Self,60.1%,Medium,0.003930436424724545, https://leetcode.com/problems/product-of-array-except-self
49,Group Anagrams,56.9%,Medium,0.0038040939835560453, https://leetcode.com/problems/group-anagrams
56,Merge Intervals,39.3%,Medium,0.0034728286335985107, https://leetcode.com/problems/merge-intervals
344,Reverse String,68.5%,Easy,0.003269579502519813, https://leetcode.com/problems/reverse-string
5,Longest Palindromic Substring,29.5%,Medium,0.002279333142507479, https://leetcode.com/problems/longest-palindromic-substring
15,3Sum,26.8%,Medium,0.0021990113314367685, https://leetcode.com/problems/3sum
26,Remove Duplicates from Sorted Array,45.1%,Easy,0.0019513153174351963, https://leetcode.com/problems/remove-duplicates-from-sorted-array
