ID,Title,Acceptance,Difficulty,Frequency,Leetcode Question Link
558,Logical OR of Two Binary Grids Represented as Quad-Trees,44.6%,Medium,0.5638713572703883, https://leetcode.com/problems/logical-or-of-two-binary-grids-represented-as-quad-trees
981,Time Based Key-Value Store,53.1%,Medium,0.3755723540313778, https://leetcode.com/problems/time-based-key-value-store
850,Rectangle Area II,47.5%,Hard,0.33395175639587793, https://leetcode.com/problems/rectangle-area-ii
990,Satisfiability of Equality Equations,45.0%,Medium,0.14565275315686743, https://leetcode.com/problems/satisfiability-of-equality-equations
31,Next Permutation,32.6%,Medium,0.11480808652664298, https://leetcode.com/problems/next-permutation
56,Merge Intervals,39.3%,Medium,0.007796972706004796, https://leetcode.com/problems/merge-intervals
200,Number of Islands,46.8%,Medium,0.0028897578265903614, https://leetcode.com/problems/number-of-islands
