ID,Title,Acceptance,Difficulty,Frequency,Leetcode Question Link
256,Paint House,52.1%,Easy,0.02647331260939941, https://leetcode.com/problems/paint-house
1143,Longest Common Subsequence,58.4%,Medium,0.019772173115579716, https://leetcode.com/problems/longest-common-subsequence
394,Decode String,50.0%,Medium,0.0182820448374491, https://leetcode.com/problems/decode-string
143,Reorder List,37.1%,Medium,0.011580905343629403, https://leetcode.com/problems/reorder-list
136,Single Number,65.5%,Easy,0.006445166968713385, https://leetcode.com/problems/single-number
543,Diameter of Binary Tree,48.4%,Easy,0.005305755914149804, https://leetcode.com/problems/diameter-of-binary-tree
206,Reverse Linked List,62.5%,Easy,0.005257021452801617, https://leetcode.com/problems/reverse-linked-list
21,Merge Two Sorted Lists,53.5%,Easy,0.0022551737583973706, https://leetcode.com/problems/merge-two-sorted-lists
190,Reverse Bits,39.8%,Easy,0.0018316700789167337, https://leetcode.com/problems/reverse-bits
