ID,Title,Acceptance,Difficulty,Frequency,Leetcode Question Link
974,Subarray Sums Divisible by K,48.9%,Medium,0.2967998323621869, https://leetcode.com/problems/subarray-sums-divisible-by-k
146,LRU Cache,33.2%,Medium,0.2037051228192776, https://leetcode.com/problems/lru-cache
68,Text Justification,27.7%,Hard,0.16143214434637243, https://leetcode.com/problems/text-justification
332,Reconstruct Itinerary,36.7%,Medium,0.11747520126885172, https://leetcode.com/problems/reconstruct-itinerary
935,Knight Dialer,45.2%,Medium,0.09737416402517636, https://leetcode.com/problems/knight-dialer
560,Subarray Sum Equals K,43.9%,Medium,0.004279454482267064, https://leetcode.com/problems/subarray-sum-equals-k
14,Longest Common Prefix,35.4%,Easy,0.003320331762984143, https://leetcode.com/problems/longest-common-prefix
